date,day,start_time,status
2026-10-05,Mon,10:00,open
2026-10-05,Mon,10:30,open
2026-10-05,Mon,11:00,open
2026-10-05,Mon,11:30,booked
2026-10-05,Mon,12:00,open
2026-10-05,Mon,12:30,open
2026-10-05,Mon,13:00,open
2026-10-05,Mon,13:30,booked
2026-10-05,Mon,14:00,open
2026-10-05,Mon,14:30,open
2026-10-05,Mon,15:00,booked
2026-10-05,Mon,15:30,open
2026-10-05,Mon,16:00,open
2026-10-05,Mon,16:30,open
2026-10-05,Mon,17:00,open
2026-10-05,Mon,17:30,open
2026-10-06,Tue,10:00,booked
2026-10-06,Tue,10:30,open
2026-10-06,Tue,11:00,open
2026-10-06,Tue,11:30,booked
2026-10-06,Tue,12:00,open
2026-10-06,Tue,12:30,booked
2026-10-06,Tue,13:00,open
2026-10-06,Tue,13:30,booked
2026-10-06,Tue,14:00,open
2026-10-06,Tue,14:30,open
2026-10-06,Tue,15:00,open
2026-10-06,Tue,15:30,open
2026-10-06,Tue,16:00,open
2026-10-06,Tue,16:30,open
2026-10-06,Tue,17:00,open
2026-10-06,Tue,17:30,open
2026-10-07,Wed,10:00,booked
2026-10-07,Wed,10:30,open
2026-10-07,Wed,11:00,open
2026-10-07,Wed,11:30,open
2026-10-07,Wed,12:00,open
2026-10-07,Wed,12:30,open
2026-10-07,Wed,13:00,open
2026-10-07,Wed,13:30,booked
2026-10-07,Wed,14:00,booked
2026-10-07,Wed,14:30,open
2026-10-07,Wed,15:00,open
2026-10-07,Wed,15:30,open
2026-10-07,Wed,16:00,open
2026-10-07,Wed,16:30,booked
2026-10-07,Wed,17:00,booked
2026-10-07,Wed,17:30,open
2026-10-08,Thu,10:00,open
2026-10-08,Thu,10:30,open
2026-10-08,Thu,11:00,open
2026-10-08,Thu,11:30,open
2026-10-08,Thu,12:00,booked
2026-10-08,Thu,12:30,open
2026-10-08,Thu,13:00,open
2026-10-08,Thu,13:30,booked
2026-10-08,Thu,14:00,open
2026-10-08,Thu,14:30,open
2026-10-08,Thu,15:00,open
2026-10-08,Thu,15:30,open
2026-10-08,Thu,16:00,booked
2026-10-08,Thu,16:30,open
2026-10-08,Thu,17:00,open
2026-10-08,Thu,17:30,booked
2026-10-09,Fri,10:00,booked
2026-10-09,Fri,10:30,booked
2026-10-09,Fri,11:00,open
2026-10-09,Fri,11:30,open
2026-10-09,Fri,12:00,open
2026-10-09,Fri,12:30,booked
2026-10-09,Fri,13:00,open
2026-10-09,Fri,13:30,open
2026-10-09,Fri,14:00,open
2026-10-09,Fri,14:30,open
2026-10-09,Fri,15:00,booked
2026-10-09,Fri,15:30,open
2026-10-09,Fri,16:00,open
2026-10-09,Fri,16:30,open
2026-10-09,Fri,17:00,open
2026-10-09,Fri,17:30,open
2026-10-10,Sat,10:00,open
2026-10-10,Sat,10:30,booked
2026-10-10,Sat,11:00,booked
2026-10-10,Sat,11:30,booked
2026-10-10,Sat,12:00,booked
2026-10-10,Sat,12:30,booked
2026-10-10,Sat,13:00,booked
2026-10-10,Sat,13:30,open
2026-10-10,Sat,14:00,open
2026-10-10,Sat,14:30,open
2026-10-10,Sat,15:00,open
2026-10-10,Sat,15:30,booked
2026-10-10,Sat,16:00,booked
2026-10-10,Sat,16:30,booked
2026-10-10,Sat,17:00,booked
2026-10-10,Sat,17:30,booked
